{
"id": 0,
"guid": "string",
"displayName": "string",
"email": "string",
"status": "ACTIVE",
"terminated": false,
"title": "string",
"recordId": "string",
"city": "string",
"firstName": "string",
"businessName": "string",
"lastName": "string",
"phones": [
{
"phoneType": "PHONE",
"phoneNumber": "string"
}
],
"contactTypes": [
"string"
],
"middleName": "string",
"prefix": "string",
"suffix": "string",
"businessUnit": "string",
"manager": "string",
"address": "string",
"country": "string",
"state": "string",
"postalCode": "string",
"dateOfBirth": "2018-04-02T12:42:43.244Z",
"description": "string",
"alternate": "string",
"isEditRestricted": false,
"contactGroupIds": [
0
],
"lawFirmOfficeId": 0
}