{
    "fetchedCount": 2,
    "entities": [
        {
            "id": 9936015,
            "guid": "5b5da33c-6f8c-4f5e-9e39-a074464027a8",
            "displayName": "Contact, Automation",
            "email": "auto@fake.com",
            "status": "ACTIVE",
            "city": "Raleigh",
            "firstName": "Automation",
            "businessName": "CounselLink Automation",
            "lastName": "Contact",
            "contactTypes": [
                "Individual"
            ],
            "state": "NC"
        },
        {
            "id": 10105038,
            "guid": "9c781a81-1c66-47ac-aa4f-9b6d9eb945aa",
            "displayName": "AUTEDIRESTAPI Law Office 1 - Contact Group",
            "status": "ACTIVE",
            "city": "Raleigh",
            "businessName": "AUTEDIRESTAPI Law Firm",
            "lastName": "AUTEDIRESTAPI Law Office 1",
            "contactTypes": [
                "Vendor"
            ],
            "state": "NC"
        }
    ],
    "availableCount": 2
}