{
"id": 16221011,
"guid": "9c781a81-1c66-47ac-aa4f-9b6d9eb945aa",
"displayName": "AUTEDIRESTAPI Law Office 1 - Contact Group",
"status": "ACTIVE",
"city": "Raleigh",
"businessName": "AUTEDIRESTAPI Law Firm",
"lastName": "AUTEDIRESTAPI Law Office 1",
"phones": [
{ "phoneType": "BUSINESS", "phoneNumber": "919-999-9999" }
,
{ "phoneType": "FAX", "phoneNumber": " " }
],
"contactTypes": [
"Vendor"
],
"address": "1801 Varisty Dr",
"country": "UNITED STATES",
"state": "North Carolina",
"postalCode": "27617",
"isEditRestricted": false,
"lawFirmOfficeId": 573720
}