<?xml version="1.0"?>
<jboss-deployment-structure>
<!-- <ear-subdeployments-isolated>false</ear-subdeployments-isolated> -->
  <deployment>
	 	  <exclude-subsystems>
            <subsystem name="webservices" />
            <subsystem name="jaxrs" />
        </exclude-subsystems> 
     <dependencies>
               <module name="javax.xml.ws.api" export="true" />
               <module name="javax.jws.api" export="true" />
               <!-- <module name="org.springframework.spring"   meta-inf="export"   export="true" /> -->
         
     </dependencies>
     
  </deployment>
  
  <!-- <deployment>
        <exclusions>
        </exclusions>
        <dependencies>
            <module name="org.apache.cxf" />
            <module name="org.apache.cxf.impl" />
        </dependencies>
    </deployment> -->
  
</jboss-deployment-structure>