<?xml version="1.0" encoding="UTF-8"?>
<beans xmlns="http://www.springframework.org/schema/beans"
	xmlns:xsi="http://www.w3.org/2001/XMLSchema-instance"
	xmlns:context="http://www.springframework.org/schema/context"
	xsi:schemaLocation="http://www.springframework.org/schema/beans 
						http://www.springframework.org/schema/beans/spring-beans-2.5.xsd 
						http://www.springframework.org/schema/context 
						http://www.springframework.org/schema/context/spring-context-3.0.xsd">

	<context:annotation-config />
	<context:component-scan
		base-package="com.newyorklife,com.nyl" />
	<context:property-placeholder
		location="classpath:ProducerAssignmentLog.properties" />
	<bean id="dataSource"
		class="org.apache.commons.dbcp2.BasicDataSource"
		destroy-method="close">
		<property name="driverClassName"
			value="oracle.jdbc.driver.OracleDriver" />
		<property name="url" value="${was.datasource.url}" />
		<property name="username" value="${was.datasource.username}" />
		<property name="password" value="${was.datasource.password}" />
		<property name="initialSize" value="1"></property>
		<!-- Maximum number of connection pools -->
		<property name="maxTotal" value="10"></property>
		<!-- Maximum connection pool idle -->
		<property name="maxIdle" value="1"></property>
		<!-- Connection pool minimum idle -->
		<property name="minIdle" value="1"></property>
		<!-- Get the maximum waiting time for connection -->
		<property name="maxWaitMillis" value="300000"></property>
	</bean>
</beans>